Country Name,Country Code,Indicator Name,Indicator Code,2002,2003,2004,2005,2006,2007,2008,2009,2010,2011
Aruba,ABW,"Unemployment, total (% of total labor force) (modeled ILO estimate)",SL.UEM.TOTL.ZS,,,,,,,,,,
Afghanistan,AFG,"Unemployment, total (% of total labor force) (modeled ILO estimate)",SL.UEM.TOTL.ZS,3.549999952,3.41899991,3.086999893,2.941999912,2.825000048,2.128000021,2.493999958,2.470000029,2.275000095,1.983999968
Angola,AGO,"Unemployment, total (% of total labor force) (modeled ILO estimate)",SL.UEM.TOTL.ZS,23.89599991,23.92499924,23.64299965,20.53199959,17.67399979,14.63300037,12.04399967,10.60900021,9.088999748,7.361999989
Albania,ALB,"Unemployment, total (% of total labor force) (modeled ILO estimate)",SL.UEM.TOTL.ZS,17.51000023,17.49600029,17.27199936,16.87400055,16.3939991,15.9659996,13.06000042,13.67399979,14.08600044,13.48099995
Andorra,AND,"Unemployment, total (% of total labor force) (modeled ILO estimate)",SL.UEM.TOTL.ZS,,,,,,,,,,
Arab World,ARB,"Unemployment, total (% of total labor force) (modeled ILO estimate)",SL.UEM.TOTL.ZS,12.59576377,12.50698193,11.49361292,11.26562394,10.37505761,9.846245217,9.471167532,9.257483615,9.176461676,10.03192862
United Arab Emirates,ARE,"Unemployment, total (% of total labor force) (modeled ILO estimate)",SL.UEM.TOTL.ZS,2.640000105,2.867000103,3.03399992,3.119999886,2.773000002,2.467000008,2.332999945,2.698999882,2.663000107,2.493999958
Argentina,ARG,"Unemployment, total (% of total labor force) (modeled ILO estimate)",SL.UEM.TOTL.ZS,19.59000015,15.35999966,13.52200031,11.50599957,10.07699966,8.470000267,7.836999893,8.645000458,7.714000225,7.178999901
Armenia,ARM,"Unemployment, total (% of total labor force) (modeled ILO estimate)",SL.UEM.TOTL.ZS,11.5170002,11.2329998,11.2159996,10.80000019,10.28100014,9.812000275,16.36800003,18.73999977,19.00799942,18.44300079
American Samoa,ASM,"Unemployment, total (% of total labor force) (modeled ILO estimate)",SL.UEM.TOTL.ZS,,,,,,,,,,
Antigua and Barbuda,ATG,"Unemployment, total (% of total labor force) (modeled ILO estimate)",SL.UEM.TOTL.ZS,,,,,,,,,,
Australia,AUS,"Unemployment, total (% of total labor force) (modeled ILO estimate)",SL.UEM.TOTL.ZS,6.368000031,5.928999901,5.394999981,5.032000065,4.782000065,4.376999855,4.234000206,5.56099987,5.210999966,5.080999851
Austria,AUT,"Unemployment, total (% of total labor force) (modeled ILO estimate)",SL.UEM.TOTL.ZS,4.848999977,4.778999805,5.834000111,5.627999783,5.243000031,4.857999802,4.127999783,5.301000118,4.820000172,4.56400013
Azerbaijan,AZE,"Unemployment, total (% of total labor force) (modeled ILO estimate)",SL.UEM.TOTL.ZS,10,9.25,8,7.300000191,6.619999886,6.539999962,6.050000191,5.739999771,5.630000114,5.420000076
Burundi,BDI,"Unemployment, total (% of total labor force) (modeled ILO estimate)",SL.UEM.TOTL.ZS,2.121999979,2.066999912,2.045000076,1.947999954,1.799999952,1.639999986,1.633999944,1.794999957,1.799999952,1.766000032
Belgium,BEL,"Unemployment, total (% of total labor force) (modeled ILO estimate)",SL.UEM.TOTL.ZS,6.909999847,7.679999828,7.362999916,8.43999958,8.24600029,7.458000183,6.975999832,7.907999992,8.291999817,7.139999866
Benin,BEN,"Unemployment, total (% of total labor force) (modeled ILO estimate)",SL.UEM.TOTL.ZS,0.689999998,0.728999972,0.768999994,0.805000007,0.782999992,0.731999993,0.787999988,0.967000008,1.039999962,2.645999908
Burkina Faso,BFA,"Unemployment, total (% of total labor force) (modeled ILO estimate)",SL.UEM.TOTL.ZS,2.809000015,2.779999971,3.390000105,4,3.698999882,3.299999952,3.594000101,4.396999836,4.90899992,5.293000221
Bangladesh,BGD,"Unemployment, total (% of total labor force) (modeled ILO estimate)",SL.UEM.TOTL.ZS,3.960999966,4.320000172,4.302000046,4.25,3.59100008,3.767999887,4.077000141,5,3.378999949,3.717999935
Bulgaria,BGR,"Unemployment, total (% of total labor force) (modeled ILO estimate)",SL.UEM.TOTL.ZS,18.10899925,13.7329998,12.0369997,10.08300018,8.951000214,6.877999783,5.609000206,6.816999912,10.27900028,11.26000023
Bahrain,BHR,"Unemployment, total (% of total labor force) (modeled ILO estimate)",SL.UEM.TOTL.ZS,1.05400002,1.06400001,1.041000009,0.986000001,0.904999971,0.838,0.834999979,1.069000006,1.129999995,1.139999986
"Bahamas, The",BHS,"Unemployment, total (% of total labor force) (modeled ILO estimate)",SL.UEM.TOTL.ZS,9.050000191,10.84000015,10.19999981,10.19999981,7.539999962,7.880000114,8.180000305,14.25,14.53999996,14.52000046
Bosnia and Herzegovina,BIH,"Unemployment, total (% of total labor force) (modeled ILO estimate)",SL.UEM.TOTL.ZS,28.22200012,29.03000069,29.86599922,30.48999977,31.11000061,28.98399925,23.40500069,24.06800079,27.31200027,27.58200073
Belarus,BLR,"Unemployment, total (% of total labor force) (modeled ILO estimate)",SL.UEM.TOTL.ZS,10.89299965,10.14999962,9.272000313,8.534999847,7.605000019,6.781000137,6.122000217,6.099999905,6.06099987,6.074999809
Belize,BLZ,"Unemployment, total (% of total labor force) (modeled ILO estimate)",SL.UEM.TOTL.ZS,10.03999996,10.50399971,10.79800034,10.90999985,9.390000343,8.510000229,8.180000305,10.11499977,11.6590004,12.75800037
Bermuda,BMU,"Unemployment, total (% of total labor force) (modeled ILO estimate)",SL.UEM.TOTL.ZS,,,,,,,,,,
Bolivia,BOL,"Unemployment, total (% of total labor force) (modeled ILO estimate)",SL.UEM.TOTL.ZS,3.460000038,3.503000021,3.461999893,3.256000042,2.987999916,2.72300005,2.602999926,2.862999916,2.576999903,2.219000101
Brazil,BRA,"Unemployment, total (% of total labor force) (modeled ILO estimate)",SL.UEM.TOTL.ZS,9.37100029,9.991000175,9.104999542,9.56799984,8.638999939,8.326999664,7.342999935,8.522000313,7.725999832,6.916999817
Barbados,BRB,"Unemployment, total (% of total labor force) (modeled ILO estimate)",SL.UEM.TOTL.ZS,10.31999969,11,9.569999695,9.079999924,8.729999542,7.409999847,8.119999886,10.02000046,10.68999958,11.18999958
Brunei Darussalam,BRN,"Unemployment, total (% of total labor force) (modeled ILO estimate)",SL.UEM.TOTL.ZS,5.771999836,5.881000042,5.914999962,5.868999958,5.743000031,5.624000072,5.697000027,6.423999786,6.657999992,6.71999979
Bhutan,BTN,"Unemployment, total (% of total labor force) (modeled ILO estimate)",SL.UEM.TOTL.ZS,1.866000056,1.799999952,2.49000001,3.099999905,3.130000114,3.700000048,3.46600008,3.960000038,3.319999933,3.230000019
Botswana,BWA,"Unemployment, total (% of total labor force) (modeled ILO estimate)",SL.UEM.TOTL.ZS,21.20299911,23.79999924,21.68400002,19.83200073,17.79999924,16.62899971,15.93000031,16.16900063,17.86000061,17.77000046
Central African Republic,CAF,"Unemployment, total (% of total labor force) (modeled ILO estimate)",SL.UEM.TOTL.ZS,7.681000233,7.717000008,7.599999905,7.329999924,6.959000111,6.605999947,6.388999939,6.872000217,6.926000118,7.001999855
Canada,CAN,"Unemployment, total (% of total labor force) (modeled ILO estimate)",SL.UEM.TOTL.ZS,7.664999962,7.573999882,7.184999943,6.757999897,6.320000172,6.035999775,6.137000084,8.343999863,8.055999756,7.511000156
Central Europe and the Baltics,CEB,"Unemployment, total (% of total labor force) (modeled ILO estimate)",SL.UEM.TOTL.ZS,13.74464336,12.95886308,12.93481377,12.05441535,10.10462335,7.80861418,6.604396453,8.4881597,9.899751356,9.789602392
Switzerland,CHE,"Unemployment, total (% of total labor force) (modeled ILO estimate)",SL.UEM.TOTL.ZS,2.924000025,4.116000175,4.315999985,4.436999798,4,3.65199995,3.349999905,4.116000175,4.80700016,4.407999992
Channel Islands,CHI,"Unemployment, total (% of total labor force) (modeled ILO estimate)",SL.UEM.TOTL.ZS,7.849999905,7.881000042,7.811999798,7.636000156,7.355999947,7.092000008,7.078999996,7.895999908,8.076000214,8.038000107
Chile,CHL,"Unemployment, total (% of total labor force) (modeled ILO estimate)",SL.UEM.TOTL.ZS,10.16800022,9.765000343,10.1619997,9.340000153,9.024000168,8.427000046,9.284999847,11.31299973,8.423999786,7.343999863
China,CHN,"Unemployment, total (% of total labor force) (modeled ILO estimate)",SL.UEM.TOTL.ZS,4.199999809,4.599999905,4.5,4.5,4.400000095,4.300000191,4.599999905,4.699999809,4.5,4.5
Cote d'Ivoire,CIV,"Unemployment, total (% of total labor force) (modeled ILO estimate)",SL.UEM.TOTL.ZS,5.369999886,5.456999779,5.631000042,5.671999931,5.693999767,5.56099987,5.607999802,6.493000031,6.75,7.291999817
Cameroon,CMR,"Unemployment, total (% of total labor force) (modeled ILO estimate)",SL.UEM.TOTL.ZS,6.818999767,6.089000225,5.116000175,4.400000095,3.670000076,3.062999964,3.108999968,3.693000078,4.110000134,3.993000031
"Congo, Dem. Rep.",COD,"Unemployment, total (% of total labor force) (modeled ILO estimate)",SL.UEM.TOTL.ZS,3.096999884,3.062000036,2.934999943,2.848999977,2.904000044,2.983999968,3.170000076,3.66899991,3.946000099,4.297999859
"Congo, Rep.",COG,"Unemployment, total (% of total labor force) (modeled ILO estimate)",SL.UEM.TOTL.ZS,20.52199936,20.34600067,20.21199989,19.79599953,18.23600006,16.44199944,16.11100006,16.10000038,14.14900017,11.96000004
Colombia,COL,"Unemployment, total (% of total labor force) (modeled ILO estimate)",SL.UEM.TOTL.ZS,15.63300037,14.18900013,13.71700001,11.86999989,11.50699997,11.20400047,11.27299976,12.06599998,10.98400021,10.11100006
Comoros,COM,"Unemployment, total (% of total labor force) (modeled ILO estimate)",SL.UEM.TOTL.ZS,4.705999851,4.671999931,4.571000099,4.482999802,4.197999954,3.924000025,3.786000013,4.197000027,4.230999947,4.249000072
Cabo Verde,CPV,"Unemployment, total (% of total labor force) (modeled ILO estimate)",SL.UEM.TOTL.ZS,11.71500015,11.81299973,11.35900021,11.23400021,10.96500015,10.10599995,9.961000443,10.64000034,10.67000008,10.97599983
Costa Rica,CRI,"Unemployment, total (% of total labor force) (modeled ILO estimate)",SL.UEM.TOTL.ZS,6.334000111,6.558000088,6.390999794,6.571000099,5.739999771,4.489999771,4.781000137,7.712999821,7.171000004,10.13899994
Caribbean small states,CSS,"Unemployment, total (% of total labor force) (modeled ILO estimate)",SL.UEM.TOTL.ZS,11.12867057,10.18359816,9.811227895,9.547825592,8.746980109,8.247696751,8.496131514,9.850974746,10.44484255,10.66062658
Cuba,CUB,"Unemployment, total (% of total labor force) (modeled ILO estimate)",SL.UEM.TOTL.ZS,3.309999943,2.329999924,1.853999972,1.950000048,1.912999988,1.787999988,1.582999945,1.669999957,2.5,3.180000067
Curacao,CUW,"Unemployment, total (% of total labor force) (modeled ILO estimate)",SL.UEM.TOTL.ZS,,,,,,,,,,
Cayman Islands,CYM,"Unemployment, total (% of total labor force) (modeled ILO estimate)",SL.UEM.TOTL.ZS,,,,,,,,,,
Cyprus,CYP,"Unemployment, total (% of total labor force) (modeled ILO estimate)",SL.UEM.TOTL.ZS,3.299000025,4.135000229,4.333000183,5.303999901,4.543000221,3.921999931,3.654999971,5.363999844,6.263000011,7.855999947
Czech Republic,CZE,"Unemployment, total (% of total labor force) (modeled ILO estimate)",SL.UEM.TOTL.ZS,7.019000053,7.544000149,8.210000038,7.927000046,7.147999763,5.320000172,4.392000198,6.662000179,7.278999805,6.710999966
Germany,DEU,"Unemployment, total (% of total labor force) (modeled ILO estimate)",SL.UEM.TOTL.ZS,8.482000351,9.779000282,10.72700024,11.16699982,10.25,8.657999992,7.524000168,7.742000103,6.96600008,5.823999882
Djibouti,DJI,"Unemployment, total (% of total labor force) (modeled ILO estimate)",SL.UEM.TOTL.ZS,13.6079998,13.29399967,13.00199986,12.69699955,11.7840004,11.02900028,10.77900028,11.71700001,12.47700024,12.41800022
Dominica,DMA,"Unemployment, total (% of total labor force) (modeled ILO estimate)",SL.UEM.TOTL.ZS,,,,,,,,,,
Denmark,DNK,"Unemployment, total (% of total labor force) (modeled ILO estimate)",SL.UEM.TOTL.ZS,4.274000168,5.397999763,5.203999996,4.829999924,3.897000074,3.801000118,3.434000015,6.006999969,7.464000225,7.572999954
Dominican Republic,DOM,"Unemployment, total (% of total labor force) (modeled ILO estimate)",SL.UEM.TOTL.ZS,6.778999805,6.938000202,6.302999973,6.586999893,5.65500021,5.157999992,4.763999939,5.467000008,5.211999893,6.086999893
Algeria,DZA,"Unemployment, total (% of total labor force) (modeled ILO estimate)",SL.UEM.TOTL.ZS,25.89999962,23.71999931,17.64999962,15.27000046,12.27000046,13.78999996,11.32999992,10.15999985,9.960000038,9.960000038
East Asia & Pacific (excluding high income),EAP,"Unemployment, total (% of total labor force) (modeled ILO estimate)",SL.UEM.TOTL.ZS,4.144065466,4.432202309,4.413545778,4.470494266,4.351110959,4.304076924,4.456242425,4.395529368,4.144057157,4.082022402
Early-demographic dividend,EAR,"Unemployment, total (% of total labor force) (modeled ILO estimate)",SL.UEM.TOTL.ZS,5.543588666,5.469939415,5.263852165,5.213021385,4.778372185,4.530360948,4.323181979,4.61700569,4.450215984,4.438750735
East Asia & Pacific,EAS,"Unemployment, total (% of total labor force) (modeled ILO estimate)",SL.UEM.TOTL.ZS,4.247188801,4.500633965,4.435461658,4.458699981,4.321497976,4.254026654,4.396629199,4.454440997,4.215044251,4.108580954
Europe & Central Asia (excluding high income),ECA,"Unemployment, total (% of total labor force) (modeled ILO estimate)",SL.UEM.TOTL.ZS,9.736313705,9.503149657,9.214441556,8.591850061,8.092871424,7.288936382,7.286292849,8.996582604,8.406248334,7.800821872
Europe & Central Asia,ECS,"Unemployment, total (% of total labor force) (modeled ILO estimate)",SL.UEM.TOTL.ZS,9.151833597,9.163818639,9.136716496,8.722140813,8.06932202,7.149017819,7.071311856,8.900835141,8.991802811,8.752373978
Ecuador,ECU,"Unemployment, total (% of total labor force) (modeled ILO estimate)",SL.UEM.TOTL.ZS,4.925000191,5.662000179,5.001999855,3.779000044,3.549999952,3.14199996,3.917000055,4.607999802,4.087999821,3.457999945
"Egypt, Arab Rep.",EGY,"Unemployment, total (% of total labor force) (modeled ILO estimate)",SL.UEM.TOTL.ZS,10.01000023,11.01000023,10.31999969,11.19999981,10.48999977,8.800000191,8.517000198,9.086999893,8.756999969,11.84899998
Euro area,EMU,"Unemployment, total (% of total labor force) (modeled ILO estimate)",SL.UEM.TOTL.ZS,8.61444366,8.957976995,9.245232944,8.952793886,8.247729666,7.377709645,7.429980954,9.478211724,10.04029148,10.11387838
Eritrea,ERI,"Unemployment, total (% of total labor force) (modeled ILO estimate)",SL.UEM.TOTL.ZS,6.863999844,6.816999912,6.856999874,6.71600008,6.629000187,6.360000134,6.106999874,6.831999779,6.899000168,6.907000065
Spain,ESP,"Unemployment, total (% of total labor force) (modeled ILO estimate)",SL.UEM.TOTL.ZS,11.14599991,11.28299999,11.09000015,9.145999908,8.451999664,8.232000351,11.25399971,17.85700035,19.86000061,21.38999939
Estonia,EST,"Unemployment, total (% of total labor force) (modeled ILO estimate)",SL.UEM.TOTL.ZS,10.02600002,11.28800011,10.24800014,8.032999992,5.914999962,4.592000008,5.454999924,13.54800034,16.70700073,12.32800007
Ethiopia,ETH,"Unemployment, total (% of total labor force) (modeled ILO estimate)",SL.UEM.TOTL.ZS,3.065999985,2.913000107,2.664999962,2.496999979,2.295000076,2.178999901,2.130000114,2.354000092,2.390000105,2.289000034
European Union,EUU,"Unemployment, total (% of total labor force) (modeled ILO estimate)",SL.UEM.TOTL.ZS,8.960853598,9.022589258,9.199156788,8.900379509,8.155597964,7.125534321,6.957113077,8.871333358,9.511926183,9.600048734
Fragile and conflict affected situations,FCS,"Unemployment, total (% of total labor force) (modeled ILO estimate)",SL.UEM.TOTL.ZS,6.184557859,6.165749292,6.158341416,6.114843792,5.991649839,5.89372419,5.948232761,6.070236784,6.110535521,6.089780945
Finland,FIN,"Unemployment, total (% of total labor force) (modeled ILO estimate)",SL.UEM.TOTL.ZS,10.42300034,10.46899986,10.3579998,8.383999825,7.718999863,6.854000092,6.368999958,8.248999596,8.394000053,7.781000137
Fiji,FJI,"Unemployment, total (% of total labor force) (modeled ILO estimate)",SL.UEM.TOTL.ZS,4.157000065,4.071000099,4.063000202,3.885999918,3.834000111,3.75999999,3.624000072,4.157000065,4.352000237,4.40500021
France,FRA,"Unemployment, total (% of total labor force) (modeled ILO estimate)",SL.UEM.TOTL.ZS,8.701999664,8.305999756,8.913999557,8.493000031,8.447999954,7.657000065,7.063000202,8.736000061,8.87100029,8.81099987
Faroe Islands,FRO,"Unemployment, total (% of total labor force) (modeled ILO estimate)",SL.UEM.TOTL.ZS,,,,,,,,,,
"Micronesia, Fed. Sts.",FSM,"Unemployment, total (% of total labor force) (modeled ILO estimate)",SL.UEM.TOTL.ZS,,,,,,,,,,
Gabon,GAB,"Unemployment, total (% of total labor force) (modeled ILO estimate)",SL.UEM.TOTL.ZS,17.4260006,17.51799965,17.3010006,16.90999985,17.02700043,17.35400009,17.81800079,19.27400017,20.38999939,20.38699913
United Kingdom,GBR,"Unemployment, total (% of total labor force) (modeled ILO estimate)",SL.UEM.TOTL.ZS,5.037000179,4.80700016,4.593999863,4.75,5.349999905,5.262000084,5.614999771,7.537000179,7.787000179,8.036999702
Georgia,GEO,"Unemployment, total (% of total labor force) (modeled ILO estimate)",SL.UEM.TOTL.ZS,12.59000015,11.51000023,12.61999989,13.81000042,13.56999969,13.27999973,17.87000084,18.29999924,17.40999985,17.34000015
Ghana,GHA,"Unemployment, total (% of total labor force) (modeled ILO estimate)",SL.UEM.TOTL.ZS,8.579999924,7.568999767,6.46999979,5.539000034,4.635000229,4.565000057,4.657000065,5.171999931,5.320000172,5.907999992
Gibraltar,GIB,"Unemployment, total (% of total labor force) (modeled ILO estimate)",SL.UEM.TOTL.ZS,,,,,,,,,,
Guinea,GIN,"Unemployment, total (% of total labor force) (modeled ILO estimate)",SL.UEM.TOTL.ZS,4.548999786,4.349999905,4.297999859,4.211999893,3.97300005,3.910000086,3.697999954,4.127999783,4.28399992,4.224999905
"Gambia, The",GMB,"Unemployment, total (% of total labor force) (modeled ILO estimate)",SL.UEM.TOTL.ZS,10.50699997,10.50800037,9.857999802,9.663999557,9.227000237,9.093999863,9.119999886,9.621999741,9.67800045,9.630000114
Guinea-Bissau,GNB,"Unemployment, total (% of total labor force) (modeled ILO estimate)",SL.UEM.TOTL.ZS,4.738999844,4.678999901,4.650000095,4.479000092,4.230999947,3.953000069,3.858999968,4.303999901,4.379000187,4.438000202
Equatorial Guinea,GNQ,"Unemployment, total (% of total labor force) (modeled ILO estimate)",SL.UEM.TOTL.ZS,8.234999657,8.501999855,8.536000252,8.444999695,8.156999588,7.822000027,7.743000031,8.100000381,8.237999916,8.407999992
Greece,GRC,"Unemployment, total (% of total labor force) (modeled ILO estimate)",SL.UEM.TOTL.ZS,9.975000381,9.411999702,10.31099987,9.994000435,9.008000374,8.395999908,7.760000229,9.616000175,12.7130003,17.86499977
Grenada,GRD,"Unemployment, total (% of total labor force) (modeled ILO estimate)",SL.UEM.TOTL.ZS,,,,,,,,,,
Greenland,GRL,"Unemployment, total (% of total labor force) (modeled ILO estimate)",SL.UEM.TOTL.ZS,,,,,,,,,,
Guatemala,GTM,"Unemployment, total (% of total labor force) (modeled ILO estimate)",SL.UEM.TOTL.ZS,2.851000071,2.806999922,2.970999956,2.993999958,2.885999918,2.796000004,2.84100008,3.308000088,3.496999979,4.125999928
Guam,GUM,"Unemployment, total (% of total labor force) (modeled ILO estimate)",SL.UEM.TOTL.ZS,11.39000034,9.508999825,7.699999809,7,7.400000095,8.300000191,8.347999573,9.300000191,8.199999809,13.30000019
Guyana,GUY,"Unemployment, total (% of total labor force) (modeled ILO estimate)",SL.UEM.TOTL.ZS,11.81000042,11.76099968,11.57699966,11.08699989,10.69999981,10.47599983,10.47399998,11.39900017,11.65699959,11.74300003
High income,HIC,"Unemployment, total (% of total labor force) (modeled ILO estimate)",SL.UEM.TOTL.ZS,6.998589469,7.139689551,6.972437175,6.652450851,6.105889428,5.585067634,5.847891559,7.952841752,8.217327189,7.888669842
"Hong Kong SAR, China",HKG,"Unemployment, total (% of total labor force) (modeled ILO estimate)",SL.UEM.TOTL.ZS,7.28000021,7.860000134,6.739999771,5.579999924,4.769999981,4.010000229,3.559999943,5.260000229,4.309999943,3.420000076
Honduras,HND,"Unemployment, total (% of total labor force) (modeled ILO estimate)",SL.UEM.TOTL.ZS,4.019999981,5.300000191,5.989999771,4.90899992,3.575000048,3.210999966,3.155999899,3.292000055,4.118999958,4.474999905
Heavily indebted poor countries (HIPC),HPC,"Unemployment, total (% of total labor force) (modeled ILO estimate)",SL.UEM.TOTL.ZS,5.160871998,5.139883444,4.981499347,4.842189874,4.572701398,4.313309291,4.215784833,4.571680661,4.732238459,4.577476425
Croatia,HRV,"Unemployment, total (% of total labor force) (modeled ILO estimate)",SL.UEM.TOTL.ZS,15.05300045,13.92399979,13.66399956,12.59799957,11.13000011,9.909000397,8.529999733,9.201999664,11.61999989,13.67800045
Haiti,HTI,"Unemployment, total (% of total labor force) (modeled ILO estimate)",SL.UEM.TOTL.ZS,11.00300026,12.15799999,13.53800011,14.87699986,15.81200027,16.79999924,15.93900013,16.23500061,15.64299965,14.9289999
Hungary,HUN,"Unemployment, total (% of total labor force) (modeled ILO estimate)",SL.UEM.TOTL.ZS,5.607999802,5.789999962,5.831999779,7.188000202,7.493999958,7.406000137,7.816999912,10.02999973,11.17199993,11.02900028
IBRD only,IBD,"Unemployment, total (% of total labor force) (modeled ILO estimate)",SL.UEM.TOTL.ZS,5.909992262,6.022657668,5.820008522,5.743946186,5.387886183,5.088664059,5.00598019,5.346635623,5.10579203,5.007888148
IDA & IBRD total,IBT,"Unemployment, total (% of total labor force) (modeled ILO estimate)",SL.UEM.TOTL.ZS,5.688655589,5.771308679,5.575946682,5.484785914,5.136176678,4.853084871,4.784461188,5.125860759,4.918426834,4.830508542
IDA total,IDA,"Unemployment, total (% of total labor force) (modeled ILO estimate)",SL.UEM.TOTL.ZS,4.702724011,4.664850079,4.511287637,4.365656803,4.063749886,3.862439728,3.867361797,4.226431636,4.169256647,4.132409142
IDA blend,IDB,"Unemployment, total (% of total labor force) (modeled ILO estimate)",SL.UEM.TOTL.ZS,4.451279091,4.290335665,4.047038225,3.819245966,3.535461655,3.214983291,3.184415469,3.488092461,3.588681353,3.552342653
Indonesia,IDN,"Unemployment, total (% of total labor force) (modeled ILO estimate)",SL.UEM.TOTL.ZS,6.604000092,6.657000065,7.302999973,7.945000172,7.551000118,8.06000042,7.209000111,6.105999947,5.613999844,5.152999878
IDA only,IDX,"Unemployment, total (% of total labor force) (modeled ILO estimate)",SL.UEM.TOTL.ZS,4.810931025,4.826285505,4.711582512,4.600359758,4.290721318,4.141760925,4.162730146,4.547770451,4.423337343,4.38766772
Isle of Man,IMN,"Unemployment, total (% of total labor force) (modeled ILO estimate)",SL.UEM.TOTL.ZS,,,,,,,,,,
India,IND,"Unemployment, total (% of total labor force) (modeled ILO estimate)",SL.UEM.TOTL.ZS,3.052000046,3.181999922,3.09800005,3.101999998,2.736999989,2.398999929,2.267999887,2.474999905,2.444000006,2.519000053
Not classified,INX,"Unemployment, total (% of total labor force) (modeled ILO estimate)",SL.UEM.TOTL.ZS,,,,,,,,,,
Ireland,IRL,"Unemployment, total (% of total labor force) (modeled ILO estimate)",SL.UEM.TOTL.ZS,4.215000153,4.478000164,4.491000175,4.342000008,4.414999962,4.980000019,6.774000168,12.60900021,14.53299999,15.35299969
"Iran, Islamic Rep.",IRN,"Unemployment, total (% of total labor force) (modeled ILO estimate)",SL.UEM.TOTL.ZS,12.80000019,11.53899956,10.30000019,12.10000038,11.19999981,10.60000038,10.47999954,11.97000027,13.52000046,12.44999981
Iraq,IRQ,"Unemployment, total (% of total labor force) (modeled ILO estimate)",SL.UEM.TOTL.ZS,9.559000015,9.680000305,9.715999603,9.420000076,9.06400013,8.649000168,8.18999958,8.812999725,8.583000183,8.194000244
Iceland,ISL,"Unemployment, total (% of total labor force) (modeled ILO estimate)",SL.UEM.TOTL.ZS,2.987999916,3.996999979,4.031000137,2.546999931,2.829999924,2.250999928,2.946000099,7.21999979,7.56400013,7.027999878
Israel,ISR,"Unemployment, total (% of total labor force) (modeled ILO estimate)",SL.UEM.TOTL.ZS,12.88799953,13.50500011,13.02900028,11.34200001,10.70699978,9.37899971,7.703999996,9.534000397,8.479999542,7.138999939
Italy,ITA,"Unemployment, total (% of total labor force) (modeled ILO estimate)",SL.UEM.TOTL.ZS,9.206999779,8.866000175,7.866000175,7.730999947,6.77699995,6.074999809,6.72300005,7.749000072,8.362999916,8.359000206
Jamaica,JAM,"Unemployment, total (% of total labor force) (modeled ILO estimate)",SL.UEM.TOTL.ZS,14.19099998,11.73999977,11.43999958,11.26299953,10.32499981,9.744999886,10.32999992,11.36200047,12.36600018,12.69999981
Jordan,JOR,"Unemployment, total (% of total labor force) (modeled ILO estimate)",SL.UEM.TOTL.ZS,15.30000019,14.5,14.69499969,14.80000019,14,13.10000038,12.69999981,12.89999962,12.5,12.89999962
Japan,JPN,"Unemployment, total (% of total labor force) (modeled ILO estimate)",SL.UEM.TOTL.ZS,5.400000095,5.300000191,4.699999809,4.400000095,4.099999905,3.900000095,4,5.099999905,5.099999905,4.520999908
Kazakhstan,KAZ,"Unemployment, total (% of total labor force) (modeled ILO estimate)",SL.UEM.TOTL.ZS,9.329999924,8.779999733,8.399999619,8.130000114,7.789999962,7.260000229,6.630000114,6.550000191,5.769999981,5.389999866
Kenya,KEN,"Unemployment, total (% of total labor force) (modeled ILO estimate)",SL.UEM.TOTL.ZS,10.09200001,10.09899998,9.968999863,9.784000397,9.442000389,9.06499958,8.925999641,9.600000381,9.730999947,9.67800045
Kyrgyz Republic,KGZ,"Unemployment, total (% of total labor force) (modeled ILO estimate)",SL.UEM.TOTL.ZS,12.55000019,9.920000076,8.529999733,8.109999657,8.270000458,8.100000381,8.220000267,8.409999847,8.640000343,8.529999733
Cambodia,KHM,"Unemployment, total (% of total labor force) (modeled ILO estimate)",SL.UEM.TOTL.ZS,1.628000021,1.572999954,1.562000036,1.470000029,1.279000044,1.167999983,1.151000023,1.281000018,1.376999974,1.317999959
Kiribati,KIR,"Unemployment, total (% of total labor force) (modeled ILO estimate)",SL.UEM.TOTL.ZS,,,,,,,,,,
St. Kitts and Nevis,KNA,"Unemployment, total (% of total labor force) (modeled ILO estimate)",SL.UEM.TOTL.ZS,,,,,,,,,,
"Korea, Rep.",KOR,"Unemployment, total (% of total labor force) (modeled ILO estimate)",SL.UEM.TOTL.ZS,3.299999952,3.599999905,3.700000048,3.700000048,3.5,3.200000048,3.200000048,3.599999905,3.700000048,3.400000095
Kuwait,KWT,"Unemployment, total (% of total labor force) (modeled ILO estimate)",SL.UEM.TOTL.ZS,1.100000024,1.299999952,1.700000048,1.526000023,1.299999952,1.5,1.75,1.639999986,1.820000052,2.059000015
Latin America & Caribbean (excluding high income),LAC,"Unemployment, total (% of total labor force) (modeled ILO estimate)",SL.UEM.TOTL.ZS,9.041112306,8.892288014,8.341313512,7.881689912,7.190528007,6.814059386,6.399274702,7.465365278,6.95762739,6.464730595
Lao PDR,LAO,"Unemployment, total (% of total labor force) (modeled ILO estimate)",SL.UEM.TOTL.ZS,1.840000033,1.682999969,1.529000044,1.350000024,1.087000012,0.86500001,0.74000001,0.800000012,0.708000004,0.702000022
Lebanon,LBN,"Unemployment, total (% of total labor force) (modeled ILO estimate)",SL.UEM.TOTL.ZS,8.111000061,7.999000072,7.849999905,8.392000198,8.711000443,8.979999542,7.243999958,6.355000019,6.461999893,6.43599987
Liberia,LBR,"Unemployment, total (% of total labor force) (modeled ILO estimate)",SL.UEM.TOTL.ZS,2.654999971,2.605999947,2.526000023,2.421999931,2.226000071,2.032000065,1.963999987,2.246000051,2.266000032,2.27699995
Libya,LBY,"Unemployment, total (% of total labor force) (modeled ILO estimate)",SL.UEM.TOTL.ZS,18.30500031,18.53800011,18.71500015,18.45899963,18.11700058,17.38699913,16.54599953,17.19300079,17.61700058,19.56800079
St. Lucia,LCA,"Unemployment, total (% of total labor force) (modeled ILO estimate)",SL.UEM.TOTL.ZS,20.38999939,22.18000031,20.96999931,18.70000076,16,14,12.72000027,15.36999989,17.14900017,18.86000061
Latin America & Caribbean,LCN,"Unemployment, total (% of total labor force) (modeled ILO estimate)",SL.UEM.TOTL.ZS,9.076911545,8.923450139,8.398888067,7.937180184,7.2586699,6.870437032,6.494918883,7.591097806,7.027063801,6.510097138
Least developed countries: UN classification,LDC,"Unemployment, total (% of total labor force) (modeled ILO estimate)",SL.UEM.TOTL.ZS,4.919286214,5.008224446,4.938418296,4.806059802,4.463074228,4.237955059,4.133419835,4.504447655,4.303842371,4.19767392
Low income,LIC,"Unemployment, total (% of total labor force) (modeled ILO estimate)",SL.UEM.TOTL.ZS,4.334103138,4.297588972,4.183762987,4.086020155,3.943949081,3.783061316,3.786906389,4.069341037,4.171564697,4.093795118
Liechtenstein,LIE,"Unemployment, total (% of total labor force) (modeled ILO estimate)",SL.UEM.TOTL.ZS,,,,,,,,,,
Sri Lanka,LKA,"Unemployment, total (% of total labor force) (modeled ILO estimate)",SL.UEM.TOTL.ZS,8.760000229,8.220000267,8.380000114,7.670000076,6.5,5.96999979,5.21999979,5.849999905,4.940000057,4.110000134
Lower middle income,LMC,"Unemployment, total (% of total labor force) (modeled ILO estimate)",SL.UEM.TOTL.ZS,4.597519198,4.649899228,4.583219715,4.566707027,4.192627603,3.942429819,3.801563528,3.929300315,3.735783209,3.792758057
Low & middle income,LMY,"Unemployment, total (% of total labor force) (modeled ILO estimate)",SL.UEM.TOTL.ZS,5.550961898,5.638601152,5.444953026,5.365508555,5.046720346,4.794232952,4.742462809,5.072513648,4.863013965,4.779364103
Lesotho,LSO,"Unemployment, total (% of total labor force) (modeled ILO estimate)",SL.UEM.TOTL.ZS,34.84400177,34.07400131,32.97299957,31.92099953,30.27099991,28.68199921,27.43000031,27.65699959,27.19400024,26.43899918
Late-demographic dividend,LTE,"Unemployment, total (% of total labor force) (modeled ILO estimate)",SL.UEM.TOTL.ZS,5.55170714,5.822876222,5.6438015,5.564071626,5.294000669,5.009460921,5.105614233,5.489009151,5.188296511,5.046522414
Lithuania,LTU,"Unemployment, total (% of total labor force) (modeled ILO estimate)",SL.UEM.TOTL.ZS,13.00800037,12.875,10.68400002,8.324999809,5.78000021,4.25,5.826000214,13.78499985,17.81399918,15.39000034
Luxembourg,LUX,"Unemployment, total (% of total labor force) (modeled ILO estimate)",SL.UEM.TOTL.ZS,2.621000051,3.674999952,5.112999916,4.487999916,4.730999947,4.065000057,5.059999943,5.122000217,4.361000061,4.901000023
Latvia,LVA,"Unemployment, total (% of total labor force) (modeled ILO estimate)",SL.UEM.TOTL.ZS,13.82900047,12.06099987,11.70800018,10.03299999,7.03000021,6.052000046,7.738999844,17.51499939,19.48200035,16.20599937
"Macao SAR, China",MAC,"Unemployment, total (% of total labor force) (modeled ILO estimate)",SL.UEM.TOTL.ZS,6.300000191,6,4.900000095,4.099999905,3.799999952,3.200000048,3,3.579999924,2.839999914,2.559999943
St. Martin (French part),MAF,"Unemployment, total (% of total labor force) (modeled ILO estimate)",SL.UEM.TOTL.ZS,,,,,,,,,,
Morocco,MAR,"Unemployment, total (% of total labor force) (modeled ILO estimate)",SL.UEM.TOTL.ZS,11.59000015,11.92000008,10.82999992,11.01000023,9.670000076,9.56000042,9.569999695,8.960000038,9.090000153,8.909999847
Monaco,MCO,"Unemployment, total (% of total labor force) (modeled ILO estimate)",SL.UEM.TOTL.ZS,,,,,,,,,,
Moldova,MDA,"Unemployment, total (% of total labor force) (modeled ILO estimate)",SL.UEM.TOTL.ZS,6.800000191,7.949999809,8.170000076,7.289999962,7.380000114,5.070000172,3.980000019,6.400000095,7.446000099,6.68200016
Madagascar,MDG,"Unemployment, total (% of total labor force) (modeled ILO estimate)",SL.UEM.TOTL.ZS,4.945000172,4.46999979,3.201999903,2.359999895,2.519999981,2.555999994,2.673000097,3.513000011,4.28000021,2.062999964
Maldives,MDV,"Unemployment, total (% of total labor force) (modeled ILO estimate)",SL.UEM.TOTL.ZS,2.398000002,2.64199996,2.782999992,2.874000072,3.029000044,3.016000032,3.130000114,3.734999895,4.113999844,4.390999794
Middle East & North Africa,MEA,"Unemployment, total (% of total labor force) (modeled ILO estimate)",SL.UEM.TOTL.ZS,12.27070321,11.94508993,10.8231128,11.00812969,10.09514931,9.518648314,9.126117642,9.392462568,9.543816022,10.07930509
Mexico,MEX,"Unemployment, total (% of total labor force) (modeled ILO estimate)",SL.UEM.TOTL.ZS,3.003000021,3.454999924,3.937000036,3.558000088,3.565999985,3.628000021,3.874000072,5.355999947,5.302999973,5.170000076
Marshall Islands,MHL,"Unemployment, total (% of total labor force) (modeled ILO estimate)",SL.UEM.TOTL.ZS,,,,,,,,,,
Middle income,MIC,"Unemployment, total (% of total labor force) (modeled ILO estimate)",SL.UEM.TOTL.ZS,5.660348831,5.760680115,5.561023964,5.484818893,5.151047175,4.891142804,4.835521391,5.171660753,4.93253836,4.849295169
North Macedonia,MKD,"Unemployment, total (% of total labor force) (modeled ILO estimate)",SL.UEM.TOTL.ZS,31.94000053,36.68999863,37.1609993,37.25,36.02500153,34.93500137,33.76100159,32.17900085,32.02000046,31.37800026
Mali,MLI,"Unemployment, total (% of total labor force) (modeled ILO estimate)",SL.UEM.TOTL.ZS,7.278999805,8.041999817,8.75,10.01399994,10.84300041,11.71000004,10.10700035,9.395999908,8.069999695,6.900000095
Malta,MLT,"Unemployment, total (% of total labor force) (modeled ILO estimate)",SL.UEM.TOTL.ZS,6.90199995,7.487999916,7.316999912,6.922999859,6.797999859,6.472000122,5.977000237,6.888999939,6.847000122,6.377999783
Myanmar,MMR,"Unemployment, total (% of total labor force) (modeled ILO estimate)",SL.UEM.TOTL.ZS,1.236999989,1.207999945,1.136000037,1.065000057,0.94599998,0.837000012,0.787999988,0.908999979,0.910000026,0.894999981
Middle East & North Africa (excluding high income),MNA,"Unemployment, total (% of total labor force) (modeled ILO estimate)",SL.UEM.TOTL.ZS,13.36246533,12.95074677,11.65280163,11.95831694,10.96674334,10.45649443,10.19258394,10.4715106,10.74844617,11.50069426
Montenegro,MNE,"Unemployment, total (% of total labor force) (modeled ILO estimate)",SL.UEM.TOTL.ZS,30.78899956,31.04199982,30.70400047,30.30999947,24.6760006,19.39999962,17.14999962,19.09000015,19.64900017,19.67099953
Mongolia,MNG,"Unemployment, total (% of total labor force) (modeled ILO estimate)",SL.UEM.TOTL.ZS,6.199999809,6.800000191,7.288000107,7.605000019,7.028999805,7.199999809,5.565000057,5.860000134,6.548999786,4.769000053
Northern Mariana Islands,MNP,"Unemployment, total (% of total labor force) (modeled ILO estimate)",SL.UEM.TOTL.ZS,,,,,,,,,,
Mozambique,MOZ,"Unemployment, total (% of total labor force) (modeled ILO estimate)",SL.UEM.TOTL.ZS,2.951999903,3.13499999,3.407000065,3.414000034,3.290999889,3.194999933,3.239000082,3.730000019,3.815999985,3.733999968
Mauritania,MRT,"Unemployment, total (% of total labor force) (modeled ILO estimate)",SL.UEM.TOTL.ZS,12.48200035,12.03999996,10.95499992,10.13300037,10.63899994,10.27099991,9.711000443,10.74699974,10.59399986,10.30099964
Mauritius,MUS,"Unemployment, total (% of total labor force) (modeled ILO estimate)",SL.UEM.TOTL.ZS,8.204999924,8.359999657,8.336999893,9.524000168,9.039999962,8.475000381,7.170000076,7.256999969,7.653999805,7.447000027
Malawi,MWI,"Unemployment, total (% of total labor force) (modeled ILO estimate)",SL.UEM.TOTL.ZS,8.30700016,8.225000381,8.093999863,7.800000191,7.093999863,6.461999893,6.179999828,6.429999828,6.323999882,6.373000145
Malaysia,MYS,"Unemployment, total (% of total labor force) (modeled ILO estimate)",SL.UEM.TOTL.ZS,3.480000019,3.609999895,3.539999962,3.529999971,3.319999933,3.230000019,3.339999914,3.690000057,3.25,3.049999952
North America,NAC,"Unemployment, total (% of total labor force) (modeled ILO estimate)",SL.UEM.TOTL.ZS,5.975649309,6.154069543,5.702217533,5.257546285,4.799826364,4.770881766,5.821327017,9.157212272,9.463446439,8.793424945
Namibia,NAM,"Unemployment, total (% of total labor force) (modeled ILO estimate)",SL.UEM.TOTL.ZS,21.30800056,21.75600052,22.09000015,21.88699913,21.10499954,20.53899956,19.98900032,21.53700066,22.10000038,19.63999939
New Caledonia,NCL,"Unemployment, total (% of total labor force) (modeled ILO estimate)",SL.UEM.TOTL.ZS,16.86199951,16.65800095,16.30999947,15.56299973,14.69900036,13.88300037,13.41899967,13.97000027,14.2840004,14.33899975
Niger,NER,"Unemployment, total (% of total labor force) (modeled ILO estimate)",SL.UEM.TOTL.ZS,1.921000004,2.39199996,2.836999893,3.099999905,2.226999998,1.55400002,1.034000039,0.86500001,0.501999974,0.319000006
Nigeria,NGA,"Unemployment, total (% of total labor force) (modeled ILO estimate)",SL.UEM.TOTL.ZS,4.110000134,4.063000202,3.980000019,3.869999886,3.665999889,3.438999891,3.424000025,3.756999969,3.769999981,3.697000027
Nicaragua,NIC,"Unemployment, total (% of total labor force) (modeled ILO estimate)",SL.UEM.TOTL.ZS,7.605999947,7.599999905,6.409999847,5.369999886,5.309999943,4.889999866,6.199999809,8.159999847,7.829999924,6.381000042
Netherlands,NLD,"Unemployment, total (% of total labor force) (modeled ILO estimate)",SL.UEM.TOTL.ZS,2.553999901,3.592999935,4.645999908,4.72300005,3.904999971,3.178999901,2.75,3.413000107,4.449999809,4.977000237
Norway,NOR,"Unemployment, total (% of total labor force) (modeled ILO estimate)",SL.UEM.TOTL.ZS,4.021999836,4.221000195,4.256000042,4.381000042,3.398999929,2.493000031,2.549999952,3.102999926,3.520999908,3.214999914
Nepal,NPL,"Unemployment, total (% of total labor force) (modeled ILO estimate)",SL.UEM.TOTL.ZS,1.871000051,1.886999965,1.804999948,1.702000022,1.549000025,1.381999969,1.335999966,1.567999959,1.521999955,1.523000002
Nauru,NRU,"Unemployment, total (% of total labor force) (modeled ILO estimate)",SL.UEM.TOTL.ZS,,,,,,,,,,
New Zealand,NZL,"Unemployment, total (% of total labor force) (modeled ILO estimate)",SL.UEM.TOTL.ZS,5.282000065,4.750999928,4.005000114,3.806999922,3.857000113,3.661000013,4.166999817,6.120999813,6.55700016,6.491000175
OECD members,OED,"Unemployment, total (% of total labor force) (modeled ILO estimate)",SL.UEM.TOTL.ZS,6.888978661,7.06069452,6.961740146,6.638418942,6.069362014,5.616289866,5.946073074,8.127001348,8.326764947,7.950197026
Oman,OMN,"Unemployment, total (% of total labor force) (modeled ILO estimate)",SL.UEM.TOTL.ZS,4.849999905,4.880000114,4.81400013,4.650000095,4.393000126,4.152999878,4.142000198,4.698999882,4.65899992,4.433000088
Other small states,OSS,"Unemployment, total (% of total labor force) (modeled ILO estimate)",SL.UEM.TOTL.ZS,13.55281282,13.78445989,13.24825944,12.67383568,11.57524707,10.64898292,10.07757688,11.01810925,11.27814805,10.77456682
Pakistan,PAK,"Unemployment, total (% of total labor force) (modeled ILO estimate)",SL.UEM.TOTL.ZS,0.751999974,0.745999992,0.714999974,0.666000009,0.582000017,0.398000002,0.423000008,0.535000026,0.652999997,0.796000004
Panama,PAN,"Unemployment, total (% of total labor force) (modeled ILO estimate)",SL.UEM.TOTL.ZS,4.551000118,4.413000107,4.347000122,4.222000122,3.934999943,3.430000067,3.201999903,3.757999897,3.713000059,2.311000109
Peru,PER,"Unemployment, total (% of total labor force) (modeled ILO estimate)",SL.UEM.TOTL.ZS,5.798999786,4.788000107,4.901000023,4.860000134,4.260000229,4.188000202,4.05700016,3.900000095,3.477999926,3.441999912
Philippines,PHL,"Unemployment, total (% of total labor force) (modeled ILO estimate)",SL.UEM.TOTL.ZS,3.617000103,3.52699995,3.552999973,3.795000076,4.052000046,3.434000015,3.720000029,3.85800004,3.605000019,3.592000008
Palau,PLW,"Unemployment, total (% of total labor force) (modeled ILO estimate)",SL.UEM.TOTL.ZS,,,,,,,,,,
Papua New Guinea,PNG,"Unemployment, total (% of total labor force) (modeled ILO estimate)",SL.UEM.TOTL.ZS,2.878000021,2.743999958,2.552000046,2.378000021,2.111000061,1.907999992,1.764000058,2.046999931,2.002000093,2.619999886
Poland,POL,"Unemployment, total (% of total labor force) (modeled ILO estimate)",SL.UEM.TOTL.ZS,19.89500046,19.37000084,19.07299995,17.74600029,13.84000015,9.602000237,7.118000031,8.166999817,9.637000084,9.631999969
Pre-demographic dividend,PRE,"Unemployment, total (% of total labor force) (modeled ILO estimate)",SL.UEM.TOTL.ZS,6.291860927,6.300051465,6.185396233,5.976017016,5.633359905,5.229846146,5.039308516,5.375857697,5.479675695,5.267989492
Puerto Rico,PRI,"Unemployment, total (% of total labor force) (modeled ILO estimate)",SL.UEM.TOTL.ZS,11.93999958,11.77999973,10.31000042,11.35000038,11.01000023,10.93000031,11.47999954,15,16.10000038,15.69999981
"Korea, Dem. People’s Rep.",PRK,"Unemployment, total (% of total labor force) (modeled ILO estimate)",SL.UEM.TOTL.ZS,4.271999836,4.157999992,4.078999996,3.917999983,3.663000107,3.381000042,3.278000116,3.637000084,3.654000044,3.66899991
Portugal,PRT,"Unemployment, total (% of total labor force) (modeled ILO estimate)",SL.UEM.TOTL.ZS,4.497000217,6.131999969,6.316999912,7.581999779,7.646999836,7.964000225,7.552000046,9.43200016,10.77000046,12.67700005
Paraguay,PRY,"Unemployment, total (% of total labor force) (modeled ILO estimate)",SL.UEM.TOTL.ZS,9.392999649,6.81400013,6.513000011,4.824999809,5.276000023,4.712999821,4.414999962,5.460000038,4.568999767,4.669000149
West Bank and Gaza,PSE,"Unemployment, total (% of total labor force) (modeled ILO estimate)",SL.UEM.TOTL.ZS,31.22200012,25.47999954,26.7859993,23.51499939,23.74099922,21.71800041,26.61199951,24.54800034,23.73399925,20.93600082
Pacific island small states,PSS,"Unemployment, total (% of total labor force) (modeled ILO estimate)",SL.UEM.TOTL.ZS,4.108494846,4.070930749,3.924001315,3.700580809,3.483795105,3.318033957,3.195128321,3.609412847,3.655883685,3.772715394
Post-demographic dividend,PST,"Unemployment, total (% of total labor force) (modeled ILO estimate)",SL.UEM.TOTL.ZS,6.777144908,6.865422013,6.66730617,6.34256776,5.920025991,5.513360391,5.851069967,8.010052645,8.297292256,8.017431861
French Polynesia,PYF,"Unemployment, total (% of total labor force) (modeled ILO estimate)",SL.UEM.TOTL.ZS,11.71000004,11.95300007,12.08100033,12.07299995,11.91100025,11.73999977,11.72200012,12.85200024,13.09700012,13.04500008
Qatar,QAT,"Unemployment, total (% of total labor force) (modeled ILO estimate)",SL.UEM.TOTL.ZS,1.50999999,1.534000039,1.480000019,1.205000043,0.870000005,0.519999981,0.310000002,0.310000002,0.449999988,0.560000002
Romania,ROU,"Unemployment, total (% of total labor force) (modeled ILO estimate)",SL.UEM.TOTL.ZS,8.109999657,6.949999809,7.718999863,7.173999786,7.269000053,6.413000107,5.787000179,6.859000206,6.959000111,7.177000046
Russian Federation,RUS,"Unemployment, total (% of total labor force) (modeled ILO estimate)",SL.UEM.TOTL.ZS,7.875,8.210000038,7.763000011,7.124000072,7.054999828,6.001999855,6.204999924,8.300999641,7.368999958,6.535999775
Rwanda,RWA,"Unemployment, total (% of total labor force) (modeled ILO estimate)",SL.UEM.TOTL.ZS,0.889999986,0.948000014,0.963,0.949000001,0.860000014,0.750999987,0.699000001,0.962000012,1.059999943,1.093000054
South Asia,SAS,"Unemployment, total (% of total labor force) (modeled ILO estimate)",SL.UEM.TOTL.ZS,3.006931854,3.126545166,3.049521714,3.02898136,2.656839232,2.372025748,2.293346851,2.557151904,2.372471003,2.456162623
Saudi Arabia,SAU,"Unemployment, total (% of total labor force) (modeled ILO estimate)",SL.UEM.TOTL.ZS,5.269999981,5.559999943,5.820000172,6.050000191,6.25,5.730000019,5.079999924,5.380000114,5.550000191,5.769999981
Sudan,SDN,"Unemployment, total (% of total labor force) (modeled ILO estimate)",SL.UEM.TOTL.ZS,16.48600006,16.61400032,16.3390007,16.05699921,15.26099968,14.89500046,14.80000019,13,13.35200024,13.04199982
Senegal,SEN,"Unemployment, total (% of total labor force) (modeled ILO estimate)",SL.UEM.TOTL.ZS,5.650000095,6.776000023,7.958000183,9.088000298,10.02999973,9.498999596,9.315999985,10.36299992,10.54100037,10.35999966
Singapore,SGP,"Unemployment, total (% of total labor force) (modeled ILO estimate)",SL.UEM.TOTL.ZS,5.650000095,5.929999828,5.840000153,5.590000153,4.480000019,3.900000095,3.960000038,5.860000134,4.119999886,3.890000105
Solomon Islands,SLB,"Unemployment, total (% of total labor force) (modeled ILO estimate)",SL.UEM.TOTL.ZS,2.594000101,2.517999887,2.484999895,2.335999966,2.075000048,1.853999972,1.786000013,2.019999981,1.726999998,1.898000002
Sierra Leone,SLE,"Unemployment, total (% of total labor force) (modeled ILO estimate)",SL.UEM.TOTL.ZS,3.569000006,3.503000021,3.420000076,3.461999893,3.438999891,3.417000055,3.505000114,4.032999992,3.790999889,3.74000001
El Salvador,SLV,"Unemployment, total (% of total labor force) (modeled ILO estimate)",SL.UEM.TOTL.ZS,5.730000019,6.260000229,6.050000191,7.21999979,6.570000172,6.409999847,5.880000114,7.329999924,4.893000126,4.302000046
San Marino,SMR,"Unemployment, total (% of total labor force) (modeled ILO estimate)",SL.UEM.TOTL.ZS,,,,,,,,,,
Somalia,SOM,"Unemployment, total (% of total labor force) (modeled ILO estimate)",SL.UEM.TOTL.ZS,15.33600044,15.20199966,15.09399986,14.86400032,14.39900017,13.81900024,13.68799973,14.46199989,14.56799984,14.61800003
Serbia,SRB,"Unemployment, total (% of total labor force) (modeled ILO estimate)",SL.UEM.TOTL.ZS,13.80000019,15.19999981,18.5,20.85000038,20.85000038,18.05999947,13.70499992,16.1420002,19.21800041,22.9659996
Sub-Saharan Africa (excluding high income),SSA,"Unemployment, total (% of total labor force) (modeled ILO estimate)",SL.UEM.TOTL.ZS,7.878108313,7.708494727,7.312201908,7.109803419,6.742641244,6.28105245,5.866408231,6.206518464,6.337913178,6.172523413
South Sudan,SSD,"Unemployment, total (% of total labor force) (modeled ILO estimate)",SL.UEM.TOTL.ZS,13.68599987,13.59300041,13.43599987,13.20499992,12.74199963,12.31700039,12.14999962,13.11100006,13.14099979,12.96899986
Sub-Saharan Africa,SSF,"Unemployment, total (% of total labor force) (modeled ILO estimate)",SL.UEM.TOTL.ZS,7.878108313,7.708494727,7.312201908,7.109803419,6.742641244,6.28105245,5.866408231,6.206518464,6.337913178,6.172523413
Small states,SST,"Unemployment, total (% of total labor force) (modeled ILO estimate)",SL.UEM.TOTL.ZS,12.46063552,12.4116681,11.94403827,11.47345677,10.50699833,9.731758101,9.375899611,10.38570744,10.71015012,10.39032716
Sao Tome and Principe,STP,"Unemployment, total (% of total labor force) (modeled ILO estimate)",SL.UEM.TOTL.ZS,17.62999916,16.36000061,16.12000084,16.46999931,16.64999962,15.28100014,13.99199963,14.69299984,13.73999977,13.72299957
Suriname,SUR,"Unemployment, total (% of total labor force) (modeled ILO estimate)",SL.UEM.TOTL.ZS,11.07499981,10.39999962,9.489999771,9.340000153,9.232999802,8.267000198,8.048000336,8.720000267,7.150000095,7.539999962
Slovak Republic,SVK,"Unemployment, total (% of total labor force) (modeled ILO estimate)",SL.UEM.TOTL.ZS,18.72100067,17.12000084,18.59900093,16.25600052,13.37300014,11.14299965,9.508000374,12.02499962,14.37899971,13.61699963
Slovenia,SVN,"Unemployment, total (% of total labor force) (modeled ILO estimate)",SL.UEM.TOTL.ZS,5.921999931,6.479000092,6.012000084,6.506000042,5.949999809,4.81799984,4.370999813,5.856999874,7.236000061,8.166000366
Sweden,SWE,"Unemployment, total (% of total labor force) (modeled ILO estimate)",SL.UEM.TOTL.ZS,4.965000153,5.554999828,6.69299984,7.486000061,7.065999985,6.160999775,6.235000134,8.350999832,8.609999657,7.803999901
Eswatini,SWZ,"Unemployment, total (% of total labor force) (modeled ILO estimate)",SL.UEM.TOTL.ZS,26.50699997,27.32799911,27.69099998,28.24699974,28.28300095,28.23999977,27.29599953,27.75399971,27.30900002,26.6760006
Sint Maarten (Dutch part),SXM,"Unemployment, total (% of total labor force) (modeled ILO estimate)",SL.UEM.TOTL.ZS,,,,,,,,,,
Seychelles,SYC,"Unemployment, total (% of total labor force) (modeled ILO estimate)",SL.UEM.TOTL.ZS,,,,,,,,,,
Syrian Arab Republic,SYR,"Unemployment, total (% of total labor force) (modeled ILO estimate)",SL.UEM.TOTL.ZS,11.68000031,10.27999973,9.831999779,9.112999916,8.170000076,8.420000076,10.92000008,8.140000343,8.609999657,8.62899971
Turks and Caicos Islands,TCA,"Unemployment, total (% of total labor force) (modeled ILO estimate)",SL.UEM.TOTL.ZS,,,,,,,,,,
Chad,TCD,"Unemployment, total (% of total labor force) (modeled ILO estimate)",SL.UEM.TOTL.ZS,1.047000051,1.161999941,1.468999982,1.488000035,1.355000019,1.269999981,1.286000013,1.611999989,1.618999958,1.763000011
East Asia & Pacific (IDA & IBRD countries),TEA,"Unemployment, total (% of total labor force) (modeled ILO estimate)",SL.UEM.TOTL.ZS,4.142239927,4.436109863,4.418305472,4.478372737,4.360923874,4.317216964,4.473067686,4.406409038,4.151113229,4.087972786
Europe & Central Asia (IDA & IBRD countries),TEC,"Unemployment, total (% of total labor force) (modeled ILO estimate)",SL.UEM.TOTL.ZS,10.69357022,10.42314844,10.1283959,9.445142059,8.625429409,7.514957693,7.283606056,8.925777332,8.544367469,8.014358482
Togo,TGO,"Unemployment, total (% of total labor force) (modeled ILO estimate)",SL.UEM.TOTL.ZS,2.109999895,2.092999935,1.998999953,1.978999972,1.848999977,1.675999999,1.646000028,1.889000058,1.934000015,1.863000035
Thailand,THA,"Unemployment, total (% of total labor force) (modeled ILO estimate)",SL.UEM.TOTL.ZS,1.820000052,1.539999962,1.50999999,1.350000024,1.220000029,1.179999948,1.179999948,1.039000034,0.621999979,0.660000026
Tajikistan,TJK,"Unemployment, total (% of total labor force) (modeled ILO estimate)",SL.UEM.TOTL.ZS,14.15999985,13.8760004,13.4119997,12.98099995,11.86299992,11.02799988,10.89000034,11.5,11.63399982,11.57199955
Turkmenistan,TKM,"Unemployment, total (% of total labor force) (modeled ILO estimate)",SL.UEM.TOTL.ZS,9.991999626,9.145000458,8.215000153,7.361000061,6.353000164,5.383999825,4.506999969,4.385000229,4,3.976000071
Latin America & the Caribbean (IDA & IBRD countries),TLA,"Unemployment, total (% of total labor force) (modeled ILO estimate)",SL.UEM.TOTL.ZS,9.176079414,9.036373114,8.514647274,8.032845828,7.340696842,6.946782098,6.561916324,7.662405463,7.061021887,6.52020966
Timor-Leste,TLS,"Unemployment, total (% of total labor force) (modeled ILO estimate)",SL.UEM.TOTL.ZS,4.172999859,4.290999889,3.84800005,3.601000071,3.28399992,3.102999926,2.963999987,3.180000067,3.301000118,3.200999975
Middle East & North Africa (IDA & IBRD countries),TMN,"Unemployment, total (% of total labor force) (modeled ILO estimate)",SL.UEM.TOTL.ZS,13.23093235,12.85340191,11.5349248,11.86723371,10.86285802,10.36245553,10.05295507,10.34972208,10.63575552,11.41357241
Tonga,TON,"Unemployment, total (% of total labor force) (modeled ILO estimate)",SL.UEM.TOTL.ZS,4.736000061,5.179999828,3.492000103,2.138999939,1.090000033,0.987999976,0.957000017,1.125,1.146000028,1.133999944
South Asia (IDA & IBRD),TSA,"Unemployment, total (% of total labor force) (modeled ILO estimate)",SL.UEM.TOTL.ZS,3.006931854,3.126545166,3.049521714,3.02898136,2.656839232,2.372025748,2.293346851,2.557151904,2.372471003,2.456162623
Sub-Saharan Africa (IDA & IBRD countries),TSS,"Unemployment, total (% of total labor force) (modeled ILO estimate)",SL.UEM.TOTL.ZS,7.878108313,7.708494727,7.312201908,7.109803419,6.742641244,6.28105245,5.866408231,6.206518464,6.337913178,6.172523413
Trinidad and Tobago,TTO,"Unemployment, total (% of total labor force) (modeled ILO estimate)",SL.UEM.TOTL.ZS,3.617000103,3.638000011,3.589999914,3.469000101,3.28399992,3.11500001,3.107000113,3.648000002,3.775000095,3.247999907
Tunisia,TUN,"Unemployment, total (% of total labor force) (modeled ILO estimate)",SL.UEM.TOTL.ZS,14.55000019,14.51000023,14.22999954,12.87199974,12.51000023,12.36499977,12.44400024,13.29100037,13.04899979,18.33399963
Turkey,TUR,"Unemployment, total (% of total labor force) (modeled ILO estimate)",SL.UEM.TOTL.ZS,10.3579998,10.54199982,10.8380003,10.63599968,8.718000412,8.868000031,9.710000038,12.55200005,10.65999985,8.795999527
Tuvalu,TUV,"Unemployment, total (% of total labor force) (modeled ILO estimate)",SL.UEM.TOTL.ZS,,,,,,,,,,
Tanzania,TZA,"Unemployment, total (% of total labor force) (modeled ILO estimate)",SL.UEM.TOTL.ZS,3.246999979,3.358999968,3.437999964,3.46600008,3.299000025,2.693000078,2.35800004,2.5,3.035000086,3.470000029
Uganda,UGA,"Unemployment, total (% of total labor force) (modeled ILO estimate)",SL.UEM.TOTL.ZS,3.5,3.599999905,2.644999981,1.899999976,2.122999907,2.256000042,2.661999941,3.599999905,3.680000067,3.595000029
Ukraine,UKR,"Unemployment, total (% of total labor force) (modeled ILO estimate)",SL.UEM.TOTL.ZS,10.13599968,9.05700016,8.590000153,7.179999828,6.809999943,6.349999905,6.360000134,8.840000153,8.100000381,7.860000134
Upper middle income,UMC,"Unemployment, total (% of total labor force) (modeled ILO estimate)",SL.UEM.TOTL.ZS,6.463826767,6.610366886,6.31682799,6.201275232,5.901852406,5.641248355,5.658446297,6.167147035,5.90207972,5.709389057
Uruguay,URY,"Unemployment, total (% of total labor force) (modeled ILO estimate)",SL.UEM.TOTL.ZS,13.03899956,13.08600044,12.97900009,12.00899982,10.84399986,9.402999878,8.024999619,7.739999771,7.157999992,6.30700016
United States,USA,"Unemployment, total (% of total labor force) (modeled ILO estimate)",SL.UEM.TOTL.ZS,5.782999992,5.988999844,5.528999805,5.083000183,4.623000145,4.622000217,5.78399992,9.25399971,9.633000374,8.949000359
Uzbekistan,UZB,"Unemployment, total (% of total labor force) (modeled ILO estimate)",SL.UEM.TOTL.ZS,10.20699978,9.220999718,8.057999611,6.927000046,5.849999905,4.989999771,4.889999866,5.039999962,5.360000134,4.960000038
St. Vincent and the Grenadines,VCT,"Unemployment, total (% of total labor force) (modeled ILO estimate)",SL.UEM.TOTL.ZS,20.86100006,20.55999947,20.4109993,20.15699959,19.27400017,18.79400063,18.79999924,19.75200081,19.91600037,19.79100037
"Venezuela, RB",VEN,"Unemployment, total (% of total labor force) (modeled ILO estimate)",SL.UEM.TOTL.ZS,16.17000008,16.78000069,15.06999969,10.66300011,8.605999947,7.278999805,6.244999886,8.050000191,8.449999809,6.90199995
British Virgin Islands,VGB,"Unemployment, total (% of total labor force) (modeled ILO estimate)",SL.UEM.TOTL.ZS,,,,,,,,,,
Virgin Islands (U.S.),VIR,"Unemployment, total (% of total labor force) (modeled ILO estimate)",SL.UEM.TOTL.ZS,9.001000404,9.034000397,8.960000038,8.772000313,8.472000122,8.187999725,8.173999786,9.050000191,9.241999626,9.201000214
Vietnam,VNM,"Unemployment, total (% of total labor force) (modeled ILO estimate)",SL.UEM.TOTL.ZS,2.119999886,2.25,2.140000105,2.224999905,2.174000025,2.026000023,2.380000114,1.736999989,1.113999963,0.999000013
Vanuatu,VUT,"Unemployment, total (% of total labor force) (modeled ILO estimate)",SL.UEM.TOTL.ZS,6.676000118,6.664999962,6.357999802,6.186999798,5.781000137,5.373000145,5.058000088,5.460000038,5.636000156,5.888000011
World,WLD,"Unemployment, total (% of total labor force) (modeled ILO estimate)",SL.UEM.TOTL.ZS,5.823286845,5.919060892,5.728088797,5.603405019,5.242479719,4.940264919,4.946892824,5.602664989,5.478005908,5.345875527
Samoa,WSM,"Unemployment, total (% of total labor force) (modeled ILO estimate)",SL.UEM.TOTL.ZS,5.112999916,5.151000023,5.137000084,5.139999866,4.958000183,4.750999928,4.769000053,5.34499979,5.524000168,5.679999828
Kosovo,XKX,"Unemployment, total (% of total labor force) (modeled ILO estimate)",SL.UEM.TOTL.ZS,,,,,,,,,,
"Yemen, Rep.",YEM,"Unemployment, total (% of total labor force) (modeled ILO estimate)",SL.UEM.TOTL.ZS,11.92300034,11.91399956,11.86699963,11.79899979,11.60599995,11.3380003,11.34300041,12.51299953,12.90499973,13.05799961
South Africa,ZAF,"Unemployment, total (% of total labor force) (modeled ILO estimate)",SL.UEM.TOTL.ZS,33.47299957,32.45600128,29.57600021,29.25300026,28.48900032,26.66600037,22.43300056,23.53800011,24.69300079,24.65299988
Zambia,ZMB,"Unemployment, total (% of total labor force) (modeled ILO estimate)",SL.UEM.TOTL.ZS,14.49100018,14.82499981,15.26500034,15.89999962,12.5,9.987000465,7.929999828,10.62300014,13.18999958,10.19999981
Zimbabwe,ZWE,"Unemployment, total (% of total labor force) (modeled ILO estimate)",SL.UEM.TOTL.ZS,5.241000175,4.867000103,4.389999866,4.28399992,4.066999912,4.160999775,4.449999809,5.03399992,5.122000217,5.368000031
